smiles,temperature,iteration
C,1.9646667940247746,41
CCF,1.9063048970456493,381
CC1(C)CC=NN=NC=NOCCON1,0.9827502303441888,2027
CC,1.9746405776551412,6488
CCCCCCCCCCCCCCCCCCCCCC,1.5709761638893482e-05,7600
N,1.8856148085664937,11039
